{
  "last_node_id": 100,
  "last_link_id": 114,
  "nodes": [
    {
      "id": 45,
      "type": "UltimateSDUpscale",
      "pos": [
        2422,
        -413
      ],
      "size": {
        "0": 315,
        "1": 590
      },
      "flags": {},
      "order": 0,
      "mode": 4,
      "inputs": [
        {
          "name": "image",
          "type": "IMAGE",
          "link": null
        },
        {
          "name": "model",
          "type": "MODEL",
          "link": null
        },
        {
          "name": "positive",
          "type": "CONDITIONING",
          "link": null
        },
        {
          "name": "negative",
          "type": "CONDITIONING",
          "link": null
        },
        {
          "name": "vae",
          "type": "VAE",
          "link": null
        },
        {
          "name": "upscale_model",
          "type": "UPSCALE_MODEL",
          "link": null
        }
      ],
      "outputs": [
        {
          "name": "IMAGE",
          "type": "IMAGE",
          "links": null,
          "shape": 3
        }
      ],
      "properties": {
        "Node name for S&R": "UltimateSDUpscale"
      },
      "widgets_values": [
        2,
        950331576361736,
        "randomize",
        20,
        8,
        "euler",
        "normal",
        1,
        "Linear",
        512,
        512,
        8,
        32,
        "None",
        1,
        64,
        8,
        16,
        "enable"
      ]
    },
    {
      "id": 15,
      "type": "Reroute",
      "pos": [
        1530,
        -623
      ],
      "size": [
        75,
        26
      ],
      "flags": {},
      "order": 1,
      "mode": 0,
      "inputs": [
        {
          "name": "",
          "type": "*",
          "link": null,
          "slot_index": 0
        }
      ],
      "outputs": [
        {
          "name": "",
          "type": "*",
          "links": null
        }
      ],
      "properties": {
        "showOutputText": false,
        "horizontal": false
      }
    },
    {
      "id": 1,
      "type": "FaceDetailer",
      "pos": [
        721,
        324
      ],
      "size": {
        "0": 337.6000061035156,
        "1": 808
      },
      "flags": {
        "pinned": true
      },
      "order": 26,
      "mode": 4,
      "inputs": [
        {
          "name": "image",
          "type": "IMAGE",
          "link": 85,
          "slot_index": 0
        },
        {
          "name": "model",
          "type": "MODEL",
          "link": 52,
          "slot_index": 1
        },
        {
          "name": "clip",
          "type": "CLIP",
          "link": 51
        },
        {
          "name": "vae",
          "type": "VAE",
          "link": 59,
          "slot_index": 3
        },
        {
          "name": "positive",
          "type": "CONDITIONING",
          "link": 55,
          "slot_index": 4
        },
        {
          "name": "negative",
          "type": "CONDITIONING",
          "link": 56,
          "slot_index": 5
        },
        {
          "name": "bbox_detector",
          "type": "BBOX_DETECTOR",
          "link": 12,
          "slot_index": 6
        },
        {
          "name": "sam_model_opt",
          "type": "SAM_MODEL",
          "link": 18,
          "slot_index": 7
        },
        {
          "name": "segm_detector_opt",
          "type": "SEGM_DETECTOR",
          "link": 11,
          "slot_index": 8
        },
        {
          "name": "detailer_hook",
          "type": "DETAILER_HOOK",
          "link": null,
          "slot_index": 9
        }
      ],
      "outputs": [
        {
          "name": "image",
          "type": "IMAGE",
          "links": [
            5,
            81
          ],
          "shape": 3,
          "slot_index": 0
        },
        {
          "name": "cropped_refined",
          "type": "IMAGE",
          "links": [
            61
          ],
          "shape": 6,
          "slot_index": 1
        },
        {
          "name": "cropped_enhanced_alpha",
          "type": "IMAGE",
          "links": [
            62
          ],
          "shape": 6,
          "slot_index": 2
        },
        {
          "name": "mask",
          "type": "MASK",
          "links": null,
          "shape": 3
        },
        {
          "name": "detailer_pipe",
          "type": "DETAILER_PIPE",
          "links": null,
          "shape": 3
        },
        {
          "name": "cnet_images",
          "type": "IMAGE",
          "links": [],
          "shape": 6,
          "slot_index": 5
        }
      ],
      "properties": {
        "Node name for S&R": "FaceDetailer"
      },
      "widgets_values": [
        256,
        true,
        768,
        298279194682269,
        "randomize",
        20,
        8,
        "euler",
        "normal",
        0.7000000000000001,
        5,
        true,
        true,
        0.5,
        10,
        3,
        "center-1",
        0,
        0.93,
        0,
        0.7000000000000001,
        "False",
        10,
        ""
      ]
    },
    {
      "id": 23,
      "type": "SAMLoader",
      "pos": [
        1067,
        322
      ],
      "size": {
        "0": 315,
        "1": 82
      },
      "flags": {
        "collapsed": true
      },
      "order": 2,
      "mode": 0,
      "outputs": [
        {
          "name": "SAM_MODEL",
          "type": "SAM_MODEL",
          "links": [
            18
          ],
          "shape": 3
        }
      ],
      "properties": {
        "Node name for S&R": "SAMLoader"
      },
      "widgets_values": [
        "sam_vit_b_01ec64.pth",
        "AUTO"
      ]
    },
    {
      "id": 7,
      "type": "PreviewImage",
      "pos": [
        1079,
        42
      ],
      "size": {
        "0": 405.23858642578125,
        "1": 479.3953857421875
      },
      "flags": {
        "pinned": true
      },
      "order": 27,
      "mode": 0,
      "inputs": [
        {
          "name": "images",
          "type": "IMAGE",
          "link": 5
        }
      ],
      "title": "Detailer Preview",
      "properties": {
        "Node name for S&R": "PreviewImage"
      }
    },
    {
      "id": 55,
      "type": "PreviewImage",
      "pos": [
        1079,
        558
      ],
      "size": {
        "0": 406.0023193359375,
        "1": 246
      },
      "flags": {
        "pinned": true
      },
      "order": 29,
      "mode": 0,
      "inputs": [
        {
          "name": "images",
          "type": "IMAGE",
          "link": 61
        }
      ],
      "title": "Detailer Crop",
      "properties": {
        "Node name for S&R": "PreviewImage"
      }
    },
    {
      "id": 39,
      "type": "FaceRestoreCFWithModel",
      "pos": [
        727.9467687232524,
        174.91128824451357
      ],
      "size": {
        "0": 315,
        "1": 102
      },
      "flags": {},
      "order": 25,
      "mode": 0,
      "inputs": [
        {
          "name": "facerestore_model",
          "type": "FACERESTORE_MODEL",
          "link": 25,
          "slot_index": 0
        },
        {
          "name": "image",
          "type": "IMAGE",
          "link": 84,
          "slot_index": 1
        }
      ],
      "outputs": [
        {
          "name": "IMAGE",
          "type": "IMAGE",
          "links": [
            85
          ],
          "shape": 3,
          "slot_index": 0
        }
      ],
      "properties": {
        "Node name for S&R": "FaceRestoreCFWithModel"
      },
      "widgets_values": [
        "YOLOv5l",
        0.8
      ]
    },
    {
      "id": 52,
      "type": "Noise Control Script",
      "pos": [
        390,
        -110
      ],
      "size": [
        320.9808349609375,
        106
      ],
      "flags": {
        "collapsed": false
      },
      "order": 16,
      "mode": 4,
      "inputs": [
        {
          "name": "script",
          "type": "SCRIPT",
          "link": 50,
          "slot_index": 0
        }
      ],
      "outputs": [
        {
          "name": "SCRIPT",
          "type": "SCRIPT",
          "links": [
            48
          ],
          "shape": 3
        }
      ],
      "properties": {
        "Node name for S&R": "Noise Control Script"
      },
      "widgets_values": [
        "cpu",
        false,
        false,
        -1,
        null,
        0.015
      ],
      "shape": 1
    },
    {
      "id": 56,
      "type": "PreviewImage",
      "pos": [
        1076,
        842
      ],
      "size": {
        "0": 411.5135803222656,
        "1": 261.3758850097656
      },
      "flags": {},
      "order": 30,
      "mode": 0,
      "inputs": [
        {
          "name": "images",
          "type": "IMAGE",
          "link": 62
        }
      ],
      "title": "Detailer Mask",
      "properties": {
        "Node name for S&R": "PreviewImage"
      }
    },
    {
      "id": 16,
      "type": "UltralyticsDetectorProvider",
      "pos": [
        712,
        376
      ],
      "size": {
        "0": 353.2042541503906,
        "1": 78
      },
      "flags": {
        "collapsed": false
      },
      "order": 3,
      "mode": 0,
      "outputs": [
        {
          "name": "BBOX_DETECTOR",
          "type": "BBOX_DETECTOR",
          "links": [
            12
          ],
          "shape": 3,
          "slot_index": 0
        },
        {
          "name": "SEGM_DETECTOR",
          "type": "SEGM_DETECTOR",
          "links": [
            11
          ],
          "shape": 3
        }
      ],
      "properties": {
        "Node name for S&R": "UltralyticsDetectorProvider"
      },
      "widgets_values": [
        "bbox/face_yolov8m.pt"
      ]
    },
    {
      "id": 36,
      "type": "LoRA Stacker",
      "pos": [
        367,
        718
      ],
      "size": {
        "0": 343.9270324707031,
        "1": 322
      },
      "flags": {
        "pinned": true
      },
      "order": 4,
      "mode": 0,
      "inputs": [
        {
          "name": "lora_stack",
          "type": "LORA_STACK",
          "link": null
        }
      ],
      "outputs": [
        {
          "name": "LORA_STACK",
          "type": "LORA_STACK",
          "links": [
            30
          ],
          "shape": 3,
          "slot_index": 0
        }
      ],
      "properties": {
        "Node name for S&R": "LoRA Stacker"
      },
      "widgets_values": [
        "simple",
        5,
        "tools\\LowRA.safetensors",
        0.4,
        1,
        1,
        "None",
        1,
        1,
        1,
        "None",
        1,
        1,
        1,
        "None",
        1,
        1,
        1,
        "None",
        1,
        1,
        1,
        "None",
        1,
        1,
        1,
        "None",
        1,
        1,
        1,
        "None",
        1,
        1,
        1,
        "None",
        1,
        1,
        1,
        "None",
        1,
        1,
        1,
        "None",
        1,
        1,
        1,
        "None",
        1,
        1,
        1,
        "None",
        1,
        1,
        1,
        "None",
        1,
        1,
        1,
        "None",
        1,
        1,
        1,
        "None",
        1,
        1,
        1,
        "None",
        1,
        1,
        1,
        "None",
        1,
        1,
        1,
        "None",
        1,
        1,
        1,
        "None",
        1,
        1,
        1,
        "None",
        1,
        1,
        1,
        "None",
        1,
        1,
        1,
        "None",
        1,
        1,
        1,
        "None",
        1,
        1,
        1,
        "None",
        1,
        1,
        1,
        "None",
        1,
        1,
        1,
        "None",
        1,
        1,
        1,
        "None",
        1,
        1,
        1,
        "None",
        1,
        1,
        1,
        "None",
        1,
        1,
        1,
        "None",
        1,
        1,
        1,
        "None",
        1,
        1,
        1,
        "None",
        1,
        1,
        1,
        "None",
        1,
        1,
        1,
        "None",
        1,
        1,
        1,
        "None",
        1,
        1,
        1,
        "None",
        1,
        1,
        1,
        "None",
        1,
        1,
        1,
        "None",
        1,
        1,
        1,
        "None",
        1,
        1,
        1,
        "None",
        1,
        1,
        1,
        "None",
        1,
        1,
        1,
        "None",
        1,
        1,
        1,
        "None",
        1,
        1,
        1,
        "None",
        1,
        1,
        1,
        "None",
        1,
        1,
        1,
        "None",
        1,
        1,
        1,
        "None",
        1,
        1,
        1,
        "None",
        1,
        1,
        1
      ],
      "color": "#222233",
      "bgcolor": "#333355",
      "shape": 1
    },
    {
      "id": 64,
      "type": "UpscaleModelLoader",
      "pos": [
        1506.6012020596609,
        755.0433025568174
      ],
      "size": {
        "0": 296.26275634765625,
        "1": 58
      },
      "flags": {},
      "order": 5,
      "mode": 0,
      "outputs": [
        {
          "name": "UPSCALE_MODEL",
          "type": "UPSCALE_MODEL",
          "links": [
            77
          ],
          "shape": 3,
          "slot_index": 0
        }
      ],
      "properties": {
        "Node name for S&R": "UpscaleModelLoader"
      },
      "widgets_values": [
        "4x_foolhardy_Remacri.pth"
      ],
      "color": "#2a363b",
      "bgcolor": "#3f5159"
    },
    {
      "id": 54,
      "type": "HighRes-Fix Script",
      "pos": [
        720,
        -256
      ],
      "size": [
        339.55242919921875,
        250
      ],
      "flags": {},
      "order": 6,
      "mode": 0,
      "inputs": [
        {
          "name": "script",
          "type": "SCRIPT",
          "link": null
        }
      ],
      "outputs": [
        {
          "name": "SCRIPT",
          "type": "SCRIPT",
          "links": [
            50
          ],
          "shape": 3
        }
      ],
      "properties": {
        "Node name for S&R": "HighRes-Fix Script"
      },
      "widgets_values": [
        "latent",
        "(use same)",
        "nearest-exact",
        "4x_foolhardy_Remacri.pth",
        1.5,
        true,
        -1,
        null,
        15,
        0.5,
        1,
        false,
        "body_pose_model.pth",
        1,
        "CannyEdgePreprocessor",
        false
      ],
      "color": "#443322",
      "bgcolor": "#665533",
      "shape": 1
    },
    {
      "id": 47,
      "type": "Efficient Loader",
      "pos": [
        4,
        37
      ],
      "size": {
        "0": 363.7567138671875,
        "1": 362.7639465332031
      },
      "flags": {
        "pinned": true
      },
      "order": 21,
      "mode": 0,
      "inputs": [
        {
          "name": "lora_stack",
          "type": "LORA_STACK",
          "link": 30
        },
        {
          "name": "cnet_stack",
          "type": "CONTROL_NET_STACK",
          "link": 32,
          "slot_index": 1
        },
        {
          "name": "empty_latent_width",
          "type": "INT",
          "link": 36,
          "widget": {
            "name": "empty_latent_width"
          }
        },
        {
          "name": "empty_latent_height",
          "type": "INT",
          "link": 37,
          "widget": {
            "name": "empty_latent_height"
          }
        },
        {
          "name": "batch_size",
          "type": "INT",
          "link": 38,
          "widget": {
            "name": "batch_size"
          },
          "slot_index": 4
        },
        {
          "name": "positive",
          "type": "STRING",
          "link": 89,
          "widget": {
            "name": "positive"
          }
        },
        {
          "name": "negative",
          "type": "STRING",
          "link": 100,
          "widget": {
            "name": "negative"
          }
        }
      ],
      "outputs": [
        {
          "name": "MODEL",
          "type": "MODEL",
          "links": [
            72
          ],
          "shape": 3,
          "slot_index": 0
        },
        {
          "name": "CONDITIONING+",
          "type": "CONDITIONING",
          "links": [
            95
          ],
          "shape": 3,
          "slot_index": 1
        },
        {
          "name": "CONDITIONING-",
          "type": "CONDITIONING",
          "links": [
            44
          ],
          "shape": 3,
          "slot_index": 2
        },
        {
          "name": "LATENT",
          "type": "LATENT",
          "links": [
            45
          ],
          "shape": 3,
          "slot_index": 3
        },
        {
          "name": "VAE",
          "type": "VAE",
          "links": [
            46
          ],
          "shape": 3,
          "slot_index": 4
        },
        {
          "name": "CLIP",
          "type": "CLIP",
          "links": [
            47,
            51
          ],
          "shape": 3,
          "slot_index": 5
        },
        {
          "name": "DEPENDENCIES",
          "type": "DEPENDENCIES",
          "links": null,
          "shape": 3,
          "slot_index": 6
        }
      ],
      "properties": {
        "Node name for S&R": "Efficient Loader"
      },
      "widgets_values": [
        "1.5\\CantbeleiveitsnotPhoton.safetensors",
        "Baked VAE",
        -2,
        "None",
        1,
        1,
        "",
        "",
        "none",
        "comfy",
        512,
        512,
        1
      ],
      "color": "#432",
      "bgcolor": "#653",
      "shape": 1
    },
    {
      "id": 51,
      "type": "CR SD1.5 Aspect Ratio",
      "pos": [
        33,
        -66
      ],
      "size": {
        "0": 311.9957580566406,
        "1": 238
      },
      "flags": {
        "pinned": true
      },
      "order": 7,
      "mode": 0,
      "outputs": [
        {
          "name": "width",
          "type": "INT",
          "links": [
            36
          ],
          "shape": 3,
          "slot_index": 0
        },
        {
          "name": "height",
          "type": "INT",
          "links": [
            37
          ],
          "shape": 3,
          "slot_index": 1
        },
        {
          "name": "upscale_factor",
          "type": "FLOAT",
          "links": [],
          "shape": 3
        },
        {
          "name": "batch_size",
          "type": "INT",
          "links": [
            38
          ],
          "shape": 3
        }
      ],
      "title": "SD1.5 Aspect Ratio",
      "properties": {
        "Node name for S&R": "CR SD1.5 Aspect Ratio"
      },
      "widgets_values": [
        512,
        1024,
        "custom",
        "Off",
        1,
        1
      ],
      "color": "#432",
      "bgcolor": "#653"
    },
    {
      "id": 30,
      "type": "CLIPTextEncode",
      "pos": [
        10,
        357
      ],
      "size": {
        "0": 353.027099609375,
        "1": 76
      },
      "flags": {
        "pinned": true
      },
      "order": 22,
      "mode": 0,
      "inputs": [
        {
          "name": "clip",
          "type": "CLIP",
          "link": 47
        }
      ],
      "outputs": [
        {
          "name": "CONDITIONING",
          "type": "CONDITIONING",
          "links": [
            93
          ],
          "shape": 3,
          "slot_index": 0
        }
      ],
      "title": "Pos Prompt Tune",
      "properties": {
        "Node name for S&R": "CLIPTextEncode"
      },
      "widgets_values": [
        "photo, realistic, highly detailed, intricate details, 4k, 8k, hd wallpaper, detailed skin, long hair,"
      ],
      "color": "#232",
      "bgcolor": "#353"
    },
    {
      "id": 67,
      "type": "ImageScaleBy",
      "pos": [
        1541.6012020596609,
        637.0433025568174
      ],
      "size": {
        "0": 221.7424774169922,
        "1": 82
      },
      "flags": {},
      "order": 31,
      "mode": 0,
      "inputs": [
        {
          "name": "image",
          "type": "IMAGE",
          "link": 79
        }
      ],
      "outputs": [
        {
          "name": "IMAGE",
          "type": "IMAGE",
          "links": [
            80
          ],
          "shape": 3,
          "slot_index": 0
        }
      ],
      "properties": {
        "Node name for S&R": "ImageScaleBy"
      },
      "widgets_values": [
        "lanczos",
        0.25
      ],
      "color": "#2a363b",
      "bgcolor": "#3f5159"
    },
    {
      "id": 40,
      "type": "FaceRestoreModelLoader",
      "pos": [
        729.760449707031,
        83.30592739868166
      ],
      "size": {
        "0": 315,
        "1": 58
      },
      "flags": {},
      "order": 8,
      "mode": 0,
      "outputs": [
        {
          "name": "FACERESTORE_MODEL",
          "type": "FACERESTORE_MODEL",
          "links": [
            25
          ],
          "shape": 3
        }
      ],
      "properties": {
        "Node name for S&R": "FaceRestoreModelLoader"
      },
      "widgets_values": [
        "GFPGANv1.4.pth"
      ]
    },
    {
      "id": 63,
      "type": "PreviewImage",
      "pos": [
        1492,
        39
      ],
      "size": {
        "0": 419.2752990722656,
        "1": 480.27545166015625
      },
      "flags": {
        "pinned": false
      },
      "order": 33,
      "mode": 0,
      "inputs": [
        {
          "name": "images",
          "type": "IMAGE",
          "link": 82
        }
      ],
      "title": "Stage 1 Upscaler Preview",
      "properties": {
        "Node name for S&R": "PreviewImage"
      }
    },
    {
      "id": 76,
      "type": "Text Multiline",
      "pos": [
        -440.3643328007813,
        10.924876199188247
      ],
      "size": {
        "0": 400,
        "1": 200
      },
      "flags": {},
      "order": 9,
      "mode": 0,
      "outputs": [
        {
          "name": "STRING",
          "type": "STRING",
          "links": [
            112
          ],
          "shape": 3,
          "slot_index": 0
        }
      ],
      "title": "1. Positive Prompt",
      "properties": {
        "Node name for S&R": "Text Multiline"
      },
      "widgets_values": [
        "Portrait of a beautiful young woman, Gothic, Pale skin, beautiful, Dark makeup, dark art, HD, sharp, clear, Intricate pose, best image quality, oil paint painting, by Frank Frazetta, John William Waterhouse, van Gogh."
      ],
      "color": "#232",
      "bgcolor": "#353"
    },
    {
      "id": 28,
      "type": "ConditioningConcat",
      "pos": [
        64,
        -19
      ],
      "size": {
        "0": 253.60000610351562,
        "1": 46
      },
      "flags": {
        "collapsed": true,
        "pinned": false
      },
      "order": 23,
      "mode": 0,
      "inputs": [
        {
          "name": "conditioning_to",
          "type": "CONDITIONING",
          "link": 93,
          "slot_index": 0
        },
        {
          "name": "conditioning_from",
          "type": "CONDITIONING",
          "link": 95,
          "slot_index": 1
        }
      ],
      "outputs": [
        {
          "name": "CONDITIONING",
          "type": "CONDITIONING",
          "links": [
            96
          ],
          "shape": 3,
          "slot_index": 0
        }
      ],
      "title": "Pos Prompt (Concat)",
      "properties": {
        "Node name for S&R": "ConditioningConcat"
      }
    },
    {
      "id": 83,
      "type": "Text Multiline",
      "pos": [
        -441,
        494
      ],
      "size": {
        "0": 392.48712158203125,
        "1": 91.64378356933594
      },
      "flags": {},
      "order": 10,
      "mode": 0,
      "outputs": [
        {
          "name": "STRING",
          "type": "STRING",
          "links": [
            92,
            98
          ],
          "shape": 3,
          "slot_index": 0
        }
      ],
      "title": "Negative Prompt",
      "properties": {
        "Node name for S&R": "Text Multiline"
      },
      "widgets_values": [
        "soda can"
      ],
      "color": "#322",
      "bgcolor": "#533"
    },
    {
      "id": 58,
      "type": "DPMagicPrompt",
      "pos": [
        -440.3643328007813,
        250.92487619918836
      ],
      "size": {
        "0": 400,
        "1": 200
      },
      "flags": {},
      "order": 11,
      "mode": 0,
      "outputs": [
        {
          "name": "STRING",
          "type": "STRING",
          "links": [
            110
          ],
          "shape": 3,
          "slot_index": 0
        }
      ],
      "title": "2. Positive Prompt (Expander)",
      "properties": {
        "Node name for S&R": "DPMagicPrompt"
      },
      "widgets_values": [
        "a girl on a motorcycle",
        2029,
        "randomize",
        "Yes"
      ],
      "color": "#232",
      "bgcolor": "#353"
    },
    {
      "id": 89,
      "type": "ImpactSwitch",
      "pos": [
        -718,
        486
      ],
      "size": {
        "0": 245.1999969482422,
        "1": 122
      },
      "flags": {
        "collapsed": false,
        "pinned": true
      },
      "order": 20,
      "mode": 0,
      "inputs": [
        {
          "name": "input1",
          "type": "STRING",
          "link": 92,
          "label": " Normal"
        },
        {
          "name": "input2",
          "type": "STRING",
          "link": 99,
          "slot_index": 1,
          "label": "Tuned"
        },
        {
          "name": "input3",
          "type": "STRING",
          "link": null
        }
      ],
      "outputs": [
        {
          "name": "STRING",
          "type": "STRING",
          "links": [
            100
          ],
          "shape": 3,
          "label": "STRING",
          "slot_index": 0
        },
        {
          "name": "selected_label",
          "type": "STRING",
          "links": null,
          "shape": 3,
          "label": " "
        },
        {
          "name": "selected_index",
          "type": "INT",
          "links": null,
          "shape": 3,
          "label": " "
        }
      ],
      "title": "Negative Prompt Switcher",
      "properties": {
        "Node name for S&R": "ImpactSwitch"
      },
      "widgets_values": [
        2,
        true
      ]
    },
    {
      "id": 97,
      "type": "SDXL Prompt Styler (JPS)",
      "pos": [
        -727,
        114
      ],
      "size": [
        262,
        272
      ],
      "flags": {
        "pinned": true
      },
      "order": 12,
      "mode": 0,
      "inputs": [
        {
          "name": "text_positive_l",
          "type": "STRING",
          "link": null,
          "widget": {
            "name": "text_positive_l"
          }
        },
        {
          "name": "text_positive_g",
          "type": "STRING",
          "link": null,
          "widget": {
            "name": "text_positive_g"
          }
        }
      ],
      "outputs": [
        {
          "name": "text_positive_g",
          "type": "STRING",
          "links": null,
          "shape": 3
        },
        {
          "name": "text_positive_l",
          "type": "STRING",
          "links": null,
          "shape": 3
        },
        {
          "name": "text_positive",
          "type": "STRING",
          "links": [
            111
          ],
          "shape": 3,
          "slot_index": 2
        },
        {
          "name": "text_negative",
          "type": "STRING",
          "links": null,
          "shape": 3,
          "slot_index": 3
        }
      ],
      "title": "Styler (Normal only)",
      "properties": {
        "Node name for S&R": "SDXL Prompt Styler (JPS)"
      },
      "widgets_values": [
        "",
        "",
        "",
        "none",
        "none",
        "none",
        "OFF"
      ]
    },
    {
      "id": 82,
      "type": "ImpactSwitch",
      "pos": [
        -723,
        141
      ],
      "size": [
        257.39284354309484,
        122
      ],
      "flags": {
        "collapsed": false,
        "pinned": true
      },
      "order": 19,
      "mode": 0,
      "inputs": [
        {
          "name": "input1",
          "type": "STRING",
          "link": 109,
          "slot_index": 2,
          "label": "Normal"
        },
        {
          "name": "input2",
          "type": "STRING",
          "link": 110,
          "label": "Expander"
        },
        {
          "name": "input3",
          "type": "STRING",
          "link": null
        }
      ],
      "outputs": [
        {
          "name": "STRING",
          "type": "STRING",
          "links": [
            89
          ],
          "shape": 3,
          "label": "Pos Out",
          "slot_index": 0
        },
        {
          "name": "selected_label",
          "type": "STRING",
          "links": null,
          "shape": 3,
          "label": " "
        },
        {
          "name": "selected_index",
          "type": "INT",
          "links": null,
          "shape": 3,
          "slot_index": 2,
          "label": " "
        }
      ],
      "title": "Positive Prompt Switcher",
      "properties": {
        "Node name for S&R": "ImpactSwitch"
      },
      "widgets_values": [
        1,
        true
      ]
    },
    {
      "id": 98,
      "type": "Text Concatenate",
      "pos": [
        -628,
        198
      ],
      "size": {
        "0": 315,
        "1": 178
      },
      "flags": {
        "collapsed": true,
        "pinned": false
      },
      "order": 17,
      "mode": 0,
      "inputs": [
        {
          "name": "text_a",
          "type": "STRING",
          "link": 111,
          "widget": {
            "name": "text_a"
          },
          "label": "Styler"
        },
        {
          "name": "text_b",
          "type": "STRING",
          "link": 112,
          "widget": {
            "name": "text_b"
          },
          "label": "Pos Prompt"
        },
        {
          "name": "text_c",
          "type": "STRING",
          "link": null,
          "widget": {
            "name": "text_c"
          },
          "label": " "
        },
        {
          "name": "text_d",
          "type": "STRING",
          "link": null,
          "widget": {
            "name": "text_d"
          },
          "label": " "
        }
      ],
      "outputs": [
        {
          "name": "STRING",
          "type": "STRING",
          "links": [
            109
          ],
          "shape": 3,
          "label": "Out to Loader",
          "slot_index": 0
        }
      ],
      "title": "Combine Pos",
      "properties": {
        "Node name for S&R": "Text Concatenate"
      },
      "widgets_values": [
        "embedding:ERA09NEGV2",
        "",
        "false",
        "",
        "",
        ", "
      ]
    },
    {
      "id": 90,
      "type": "Text Concatenate",
      "pos": [
        -633,
        543
      ],
      "size": {
        "0": 315,
        "1": 178
      },
      "flags": {
        "collapsed": true
      },
      "order": 18,
      "mode": 0,
      "inputs": [
        {
          "name": "text_a",
          "type": "STRING",
          "link": 97,
          "widget": {
            "name": "text_a"
          },
          "label": "Presets"
        },
        {
          "name": "text_b",
          "type": "STRING",
          "link": 98,
          "widget": {
            "name": "text_b"
          },
          "label": "Neg Prompt"
        },
        {
          "name": "text_c",
          "type": "STRING",
          "link": null,
          "widget": {
            "name": "text_c"
          },
          "label": " Hand Tuner"
        },
        {
          "name": "text_d",
          "type": "STRING",
          "link": null,
          "widget": {
            "name": "text_d"
          },
          "label": " Styler"
        }
      ],
      "outputs": [
        {
          "name": "STRING",
          "type": "STRING",
          "links": [
            99
          ],
          "shape": 3,
          "label": "Out to Switch"
        }
      ],
      "title": "Combine Neg",
      "properties": {
        "Node name for S&R": "Text Concatenate"
      },
      "widgets_values": [
        "embedding:ERA09NEGV2",
        "",
        "false",
        "",
        "",
        ", "
      ]
    },
    {
      "id": 88,
      "type": "PresetText|pysssss",
      "pos": [
        18,
        466
      ],
      "size": [
        336.00040283203134,
        88.90927429199223
      ],
      "flags": {},
      "order": 13,
      "mode": 0,
      "outputs": [
        {
          "name": "text",
          "type": "STRING",
          "links": [
            97
          ],
          "slot_index": 0
        }
      ],
      "title": "Negative Prompt Tune",
      "properties": {},
      "widgets_values": [
        "CBINP",
        "Manage"
      ],
      "color": "#322",
      "bgcolor": "#533"
    },
    {
      "id": 65,
      "type": "ImageUpscaleWithModel",
      "pos": [
        1542,
        605
      ],
      "size": {
        "0": 230,
        "1": 50
      },
      "flags": {
        "collapsed": true
      },
      "order": 28,
      "mode": 0,
      "inputs": [
        {
          "name": "upscale_model",
          "type": "UPSCALE_MODEL",
          "link": 77
        },
        {
          "name": "image",
          "type": "IMAGE",
          "link": 81,
          "slot_index": 1
        }
      ],
      "outputs": [
        {
          "name": "IMAGE",
          "type": "IMAGE",
          "links": [
            79
          ],
          "shape": 3,
          "slot_index": 0
        }
      ],
      "properties": {
        "Node name for S&R": "ImageUpscaleWithModel"
      },
      "color": "#2a363b",
      "bgcolor": "#3f5159"
    },
    {
      "id": 99,
      "type": "Image Save",
      "pos": [
        1855,
        557
      ],
      "size": [
        324.0543366699221,
        346
      ],
      "flags": {},
      "order": 34,
      "mode": 0,
      "inputs": [
        {
          "name": "images",
          "type": "IMAGE",
          "link": 113,
          "slot_index": 0
        },
        {
          "name": "filename_prefix",
          "type": "STRING",
          "link": 114,
          "widget": {
            "name": "filename_prefix"
          },
          "slot_index": 1
        }
      ],
      "properties": {
        "Node name for S&R": "Image Save"
      },
      "widgets_values": [
        "[time(%Y-%m-%d)]",
        "marduk191",
        "_",
        4,
        "false",
        "png",
        100,
        "true",
        "false",
        "false",
        "true",
        "true",
        "false"
      ]
    },
    {
      "id": 100,
      "type": "Text Multiline",
      "pos": [
        -444,
        644
      ],
      "size": [
        210,
        76
      ],
      "flags": {},
      "order": 14,
      "mode": 0,
      "outputs": [
        {
          "name": "STRING",
          "type": "STRING",
          "links": [
            114
          ],
          "shape": 3,
          "slot_index": 0
        }
      ],
      "title": " Your Handle (Name)",
      "properties": {
        "Node name for S&R": "Text Multiline"
      },
      "widgets_values": [
        "marduk191"
      ],
      "color": "#432",
      "bgcolor": "#653"
    },
    {
      "id": 49,
      "type": "CR Multi-ControlNet Stack",
      "pos": [
        21,
        593
      ],
      "size": {
        "0": 333.97705078125,
        "1": 454
      },
      "flags": {
        "collapsed": false,
        "pinned": true
      },
      "order": 15,
      "mode": 0,
      "inputs": [
        {
          "name": "image_1",
          "type": "IMAGE",
          "link": null
        },
        {
          "name": "image_2",
          "type": "IMAGE",
          "link": null
        },
        {
          "name": "image_3",
          "type": "IMAGE",
          "link": null
        },
        {
          "name": "controlnet_stack",
          "type": "CONTROL_NET_STACK",
          "link": null
        }
      ],
      "outputs": [
        {
          "name": "CONTROLNET_STACK",
          "type": "CONTROL_NET_STACK",
          "links": [
            32
          ],
          "shape": 3
        }
      ],
      "properties": {
        "Node name for S&R": "CR Multi-ControlNet Stack"
      },
      "widgets_values": [
        "Off",
        "None",
        1,
        0,
        1,
        "Off",
        "None",
        1,
        0,
        1,
        "Off",
        "None",
        1,
        0,
        1
      ]
    },
    {
      "id": 42,
      "type": "KSampler (Efficient)",
      "pos": [
        385,
        31
      ],
      "size": {
        "0": 325.48541259765625,
        "1": 641.701171875
      },
      "flags": {
        "pinned": false
      },
      "order": 24,
      "mode": 0,
      "inputs": [
        {
          "name": "model",
          "type": "MODEL",
          "link": 72
        },
        {
          "name": "positive",
          "type": "CONDITIONING",
          "link": 96
        },
        {
          "name": "negative",
          "type": "CONDITIONING",
          "link": 44
        },
        {
          "name": "latent_image",
          "type": "LATENT",
          "link": 45
        },
        {
          "name": "optional_vae",
          "type": "VAE",
          "link": 46
        },
        {
          "name": "script",
          "type": "SCRIPT",
          "link": 48,
          "slot_index": 5
        }
      ],
      "outputs": [
        {
          "name": "MODEL",
          "type": "MODEL",
          "links": [
            52
          ],
          "shape": 3
        },
        {
          "name": "CONDITIONING+",
          "type": "CONDITIONING",
          "links": [
            55
          ],
          "shape": 3
        },
        {
          "name": "CONDITIONING-",
          "type": "CONDITIONING",
          "links": [
            56
          ],
          "shape": 3
        },
        {
          "name": "LATENT",
          "type": "LATENT",
          "links": null,
          "shape": 3
        },
        {
          "name": "VAE",
          "type": "VAE",
          "links": [
            59
          ],
          "shape": 3,
          "slot_index": 4
        },
        {
          "name": "IMAGE",
          "type": "IMAGE",
          "links": [
            84
          ],
          "shape": 3
        }
      ],
      "properties": {
        "Node name for S&R": "KSampler (Efficient)"
      },
      "widgets_values": [
        337176777416583,
        null,
        35,
        2,
        "dpmpp_2m_sde",
        "karras",
        1,
        "auto",
        "true"
      ],
      "color": "#2a363b",
      "bgcolor": "#3f5159",
      "shape": 1
    },
    {
      "id": 68,
      "type": "ImageCASharpening+",
      "pos": [
        1501.6012020596609,
        844.0433025568174
      ],
      "size": {
        "0": 310.79998779296875,
        "1": 58
      },
      "flags": {},
      "order": 32,
      "mode": 0,
      "inputs": [
        {
          "name": "image",
          "type": "IMAGE",
          "link": 80
        }
      ],
      "outputs": [
        {
          "name": "IMAGE",
          "type": "IMAGE",
          "links": [
            82,
            113
          ],
          "shape": 3,
          "slot_index": 0
        }
      ],
      "properties": {
        "Node name for S&R": "ImageCASharpening+"
      },
      "widgets_values": [
        0.55
      ],
      "color": "#2a363b",
      "bgcolor": "#3f5159"
    }
  ],
  "links": [
    [
      5,
      1,
      0,
      7,
      0,
      "IMAGE"
    ],
    [
      11,
      16,
      1,
      1,
      8,
      "SEGM_DETECTOR"
    ],
    [
      12,
      16,
      0,
      1,
      6,
      "BBOX_DETECTOR"
    ],
    [
      18,
      23,
      0,
      1,
      7,
      "SAM_MODEL"
    ],
    [
      25,
      40,
      0,
      39,
      0,
      "FACERESTORE_MODEL"
    ],
    [
      30,
      36,
      0,
      47,
      0,
      "LORA_STACK"
    ],
    [
      32,
      49,
      0,
      47,
      1,
      "CONTROL_NET_STACK"
    ],
    [
      36,
      51,
      0,
      47,
      2,
      "INT"
    ],
    [
      37,
      51,
      1,
      47,
      3,
      "INT"
    ],
    [
      38,
      51,
      3,
      47,
      4,
      "INT"
    ],
    [
      44,
      47,
      2,
      42,
      2,
      "CONDITIONING"
    ],
    [
      45,
      47,
      3,
      42,
      3,
      "LATENT"
    ],
    [
      46,
      47,
      4,
      42,
      4,
      "VAE"
    ],
    [
      47,
      47,
      5,
      30,
      0,
      "CLIP"
    ],
    [
      48,
      52,
      0,
      42,
      5,
      "SCRIPT"
    ],
    [
      50,
      54,
      0,
      52,
      0,
      "SCRIPT"
    ],
    [
      51,
      47,
      5,
      1,
      2,
      "CLIP"
    ],
    [
      52,
      42,
      0,
      1,
      1,
      "MODEL"
    ],
    [
      55,
      42,
      1,
      1,
      4,
      "CONDITIONING"
    ],
    [
      56,
      42,
      2,
      1,
      5,
      "CONDITIONING"
    ],
    [
      59,
      42,
      4,
      1,
      3,
      "VAE"
    ],
    [
      61,
      1,
      1,
      55,
      0,
      "IMAGE"
    ],
    [
      62,
      1,
      2,
      56,
      0,
      "IMAGE"
    ],
    [
      72,
      47,
      0,
      42,
      0,
      "MODEL"
    ],
    [
      77,
      64,
      0,
      65,
      0,
      "UPSCALE_MODEL"
    ],
    [
      79,
      65,
      0,
      67,
      0,
      "IMAGE"
    ],
    [
      80,
      67,
      0,
      68,
      0,
      "IMAGE"
    ],
    [
      81,
      1,
      0,
      65,
      1,
      "IMAGE"
    ],
    [
      82,
      68,
      0,
      63,
      0,
      "IMAGE"
    ],
    [
      84,
      42,
      5,
      39,
      1,
      "IMAGE"
    ],
    [
      85,
      39,
      0,
      1,
      0,
      "IMAGE"
    ],
    [
      89,
      82,
      0,
      47,
      5,
      "STRING"
    ],
    [
      92,
      83,
      0,
      89,
      0,
      "STRING"
    ],
    [
      93,
      30,
      0,
      28,
      0,
      "CONDITIONING"
    ],
    [
      95,
      47,
      1,
      28,
      1,
      "CONDITIONING"
    ],
    [
      96,
      28,
      0,
      42,
      1,
      "CONDITIONING"
    ],
    [
      97,
      88,
      0,
      90,
      0,
      "STRING"
    ],
    [
      98,
      83,
      0,
      90,
      1,
      "STRING"
    ],
    [
      99,
      90,
      0,
      89,
      1,
      "STRING"
    ],
    [
      100,
      89,
      0,
      47,
      6,
      "STRING"
    ],
    [
      109,
      98,
      0,
      82,
      0,
      "STRING"
    ],
    [
      110,
      58,
      0,
      82,
      1,
      "STRING"
    ],
    [
      111,
      97,
      2,
      98,
      0,
      "STRING"
    ],
    [
      112,
      76,
      0,
      98,
      1,
      "STRING"
    ],
    [
      113,
      68,
      0,
      99,
      0,
      "IMAGE"
    ],
    [
      114,
      100,
      0,
      99,
      1,
      "STRING"
    ]
  ],
  "groups": [
    {
      "title": "Pixel Upscaler",
      "bounding": [
        1492,
        531,
        331,
        381
      ],
      "color": "#3f789e",
      "font_size": 24,
      "locked": false
    },
    {
      "title": "Face Restore",
      "bounding": [
        718,
        9,
        337,
        278
      ],
      "color": "#3f789e",
      "font_size": 24,
      "locked": false
    },
    {
      "title": "Main Prompts",
      "bounding": [
        -451,
        -63,
        420,
        661
      ],
      "color": "#3f789e",
      "font_size": 24,
      "locked": false
    }
  ],
  "config": {},
  "extra": {},
  "version": 0.4
}