{
  "last_node_id": 26,
  "last_link_id": 76,
  "nodes": [
    {
      "id": 14,
      "type": "LatentUpscaleBy",
      "pos": [
        799,
        543
      ],
      "size": {
        "0": 315,
        "1": 82
      },
      "flags": {
        "collapsed": true
      },
      "order": 10,
      "mode": 0,
      "inputs": [
        {
          "name": "samples",
          "type": "LATENT",
          "link": 28
        },
        {
          "name": "scale_by",
          "type": "FLOAT",
          "link": 70,
          "widget": {
            "name": "scale_by"
          },
          "slot_index": 1
        }
      ],
      "outputs": [
        {
          "name": "LATENT",
          "type": "LATENT",
          "links": [
            30
          ],
          "shape": 3,
          "slot_index": 0
        }
      ],
      "properties": {
        "Node name for S&R": "LatentUpscaleBy"
      },
      "widgets_values": [
        "nearest-exact",
        1.5
      ]
    },
    {
      "id": 18,
      "type": "PreviewImage",
      "pos": [
        1135,
        611
      ],
      "size": {
        "0": 772.0037231445312,
        "1": 426.69158935546875
      },
      "flags": {},
      "order": 15,
      "mode": 0,
      "inputs": [
        {
          "name": "images",
          "type": "IMAGE",
          "link": 36
        }
      ],
      "properties": {
        "Node name for S&R": "PreviewImage"
      }
    },
    {
      "id": 17,
      "type": "PreviewImage",
      "pos": [
        1132,
        68
      ],
      "size": {
        "0": 772.3417358398438,
        "1": 426.6435852050781
      },
      "flags": {},
      "order": 13,
      "mode": 0,
      "inputs": [
        {
          "name": "images",
          "type": "IMAGE",
          "link": 35
        }
      ],
      "properties": {
        "Node name for S&R": "PreviewImage"
      }
    },
    {
      "id": 15,
      "type": "VAEDecode",
      "pos": [
        1132,
        579
      ],
      "size": {
        "0": 210,
        "1": 46
      },
      "flags": {
        "collapsed": true
      },
      "order": 14,
      "mode": 0,
      "inputs": [
        {
          "name": "samples",
          "type": "LATENT",
          "link": 33,
          "slot_index": 0
        },
        {
          "name": "vae",
          "type": "VAE",
          "link": 32
        }
      ],
      "outputs": [
        {
          "name": "IMAGE",
          "type": "IMAGE",
          "links": [
            36
          ],
          "shape": 3,
          "slot_index": 0
        }
      ],
      "properties": {
        "Node name for S&R": "VAEDecode"
      }
    },
    {
      "id": 11,
      "type": "VAEDecode",
      "pos": [
        1132,
        535
      ],
      "size": {
        "0": 210,
        "1": 46
      },
      "flags": {
        "collapsed": true
      },
      "order": 11,
      "mode": 0,
      "inputs": [
        {
          "name": "samples",
          "type": "LATENT",
          "link": 31,
          "slot_index": 0
        },
        {
          "name": "vae",
          "type": "VAE",
          "link": 18
        }
      ],
      "outputs": [
        {
          "name": "IMAGE",
          "type": "IMAGE",
          "links": [
            35
          ],
          "shape": 3,
          "slot_index": 0
        }
      ],
      "properties": {
        "Node name for S&R": "VAEDecode"
      }
    },
    {
      "id": 4,
      "type": "EmptyLatentImage",
      "pos": [
        374,
        232
      ],
      "size": {
        "0": 387.0267333984375,
        "1": 74
      },
      "flags": {
        "collapsed": false
      },
      "order": 3,
      "mode": 0,
      "inputs": [
        {
          "name": "width",
          "type": "INT",
          "link": 62,
          "widget": {
            "name": "width"
          },
          "slot_index": 0
        },
        {
          "name": "height",
          "type": "INT",
          "link": 63,
          "widget": {
            "name": "height"
          }
        },
        {
          "name": "batch_size",
          "type": "INT",
          "link": 64,
          "widget": {
            "name": "batch_size"
          },
          "slot_index": 2
        }
      ],
      "outputs": [
        {
          "name": "LATENT",
          "type": "LATENT",
          "links": [
            4
          ],
          "shape": 3,
          "slot_index": 0
        }
      ],
      "properties": {
        "Node name for S&R": "EmptyLatentImage"
      },
      "widgets_values": [
        512,
        512,
        1
      ]
    },
    {
      "id": 2,
      "type": "KSampler",
      "pos": [
        788,
        50
      ],
      "size": {
        "0": 315,
        "1": 430
      },
      "flags": {},
      "order": 9,
      "mode": 0,
      "inputs": [
        {
          "name": "model",
          "type": "MODEL",
          "link": 57,
          "slot_index": 0
        },
        {
          "name": "positive",
          "type": "CONDITIONING",
          "link": 12,
          "slot_index": 1
        },
        {
          "name": "negative",
          "type": "CONDITIONING",
          "link": 40,
          "slot_index": 2
        },
        {
          "name": "latent_image",
          "type": "LATENT",
          "link": 4
        },
        {
          "name": "steps",
          "type": "INT",
          "link": 65,
          "widget": {
            "name": "steps"
          },
          "slot_index": 4
        },
        {
          "name": "cfg",
          "type": "FLOAT",
          "link": 67,
          "widget": {
            "name": "cfg"
          },
          "slot_index": 5
        },
        {
          "name": "sampler_name",
          "type": "COMBO",
          "link": 71,
          "widget": {
            "name": "sampler_name"
          },
          "slot_index": 6
        },
        {
          "name": "scheduler",
          "type": "COMBO",
          "link": 73,
          "widget": {
            "name": "scheduler"
          },
          "slot_index": 7
        },
        {
          "name": "seed",
          "type": "INT",
          "link": 75,
          "widget": {
            "name": "seed"
          },
          "slot_index": 8
        }
      ],
      "outputs": [
        {
          "name": "LATENT",
          "type": "LATENT",
          "links": [
            28,
            31
          ],
          "shape": 3,
          "slot_index": 0
        }
      ],
      "properties": {
        "Node name for S&R": "KSampler"
      },
      "widgets_values": [
        220555600613321,
        "randomize",
        20,
        8,
        "euler",
        "normal",
        1
      ]
    },
    {
      "id": 21,
      "type": "LoraLoader",
      "pos": [
        369,
        470
      ],
      "size": {
        "0": 381.3437194824219,
        "1": 126
      },
      "flags": {},
      "order": 4,
      "mode": 4,
      "inputs": [
        {
          "name": "model",
          "type": "MODEL",
          "link": 51,
          "slot_index": 0
        },
        {
          "name": "clip",
          "type": "CLIP",
          "link": 50
        }
      ],
      "outputs": [
        {
          "name": "MODEL",
          "type": "MODEL",
          "links": [
            60
          ],
          "shape": 3,
          "slot_index": 0
        },
        {
          "name": "CLIP",
          "type": "CLIP",
          "links": [
            43,
            44
          ],
          "shape": 3,
          "slot_index": 1
        }
      ],
      "properties": {
        "Node name for S&R": "LoraLoader"
      },
      "widgets_values": [
        "realistic.safetensors",
        1,
        1
      ]
    },
    {
      "id": 22,
      "type": "LoraLoader",
      "pos": [
        373,
        62
      ],
      "size": {
        "0": 381.3437194824219,
        "1": 126
      },
      "flags": {},
      "order": 2,
      "mode": 4,
      "inputs": [
        {
          "name": "model",
          "type": "MODEL",
          "link": 59,
          "slot_index": 0
        },
        {
          "name": "clip",
          "type": "CLIP",
          "link": 49
        }
      ],
      "outputs": [
        {
          "name": "MODEL",
          "type": "MODEL",
          "links": [
            51
          ],
          "shape": 3,
          "slot_index": 0
        },
        {
          "name": "CLIP",
          "type": "CLIP",
          "links": [
            50
          ],
          "shape": 3,
          "slot_index": 1
        }
      ],
      "properties": {
        "Node name for S&R": "LoraLoader"
      },
      "widgets_values": [
        "0.44 magnum revolver.safetensors",
        1,
        1
      ]
    },
    {
      "id": 23,
      "type": "PerturbedAttentionGuidance",
      "pos": [
        374,
        357
      ],
      "size": {
        "0": 381.10162353515625,
        "1": 64.21886444091797
      },
      "flags": {},
      "order": 8,
      "mode": 4,
      "inputs": [
        {
          "name": "model",
          "type": "MODEL",
          "link": 61
        }
      ],
      "outputs": [
        {
          "name": "MODEL",
          "type": "MODEL",
          "links": [
            57,
            58
          ],
          "shape": 3,
          "slot_index": 0
        }
      ],
      "properties": {
        "Node name for S&R": "PerturbedAttentionGuidance"
      },
      "widgets_values": [
        3
      ]
    },
    {
      "id": 19,
      "type": "CLIPTextEncode",
      "pos": [
        362,
        869
      ],
      "size": {
        "0": 396.6537170410156,
        "1": 170.0845947265625
      },
      "flags": {},
      "order": 6,
      "mode": 0,
      "inputs": [
        {
          "name": "clip",
          "type": "CLIP",
          "link": 43,
          "slot_index": 0
        }
      ],
      "outputs": [
        {
          "name": "CONDITIONING",
          "type": "CONDITIONING",
          "links": [
            40,
            41
          ],
          "shape": 3,
          "slot_index": 0
        }
      ],
      "properties": {
        "Node name for S&R": "CLIPTextEncode"
      },
      "widgets_values": [
        ""
      ],
      "color": "#322",
      "bgcolor": "#533"
    },
    {
      "id": 8,
      "type": "CLIPTextEncode",
      "pos": [
        369,
        647
      ],
      "size": {
        "0": 396.6537170410156,
        "1": 170.0845947265625
      },
      "flags": {},
      "order": 7,
      "mode": 0,
      "inputs": [
        {
          "name": "clip",
          "type": "CLIP",
          "link": 44,
          "slot_index": 0
        }
      ],
      "outputs": [
        {
          "name": "CONDITIONING",
          "type": "CONDITIONING",
          "links": [
            12,
            21
          ],
          "shape": 3,
          "slot_index": 0
        }
      ],
      "properties": {
        "Node name for S&R": "CLIPTextEncode"
      },
      "widgets_values": [
        "a cat in a hat"
      ],
      "color": "#232",
      "bgcolor": "#353"
    },
    {
      "id": 7,
      "type": "CheckpointLoaderSimple",
      "pos": [
        32,
        78
      ],
      "size": {
        "0": 315,
        "1": 98
      },
      "flags": {},
      "order": 0,
      "mode": 0,
      "outputs": [
        {
          "name": "MODEL",
          "type": "MODEL",
          "links": [
            59
          ],
          "shape": 3
        },
        {
          "name": "CLIP",
          "type": "CLIP",
          "links": [
            49
          ],
          "shape": 3,
          "slot_index": 1
        },
        {
          "name": "VAE",
          "type": "VAE",
          "links": [
            18,
            32
          ],
          "shape": 3,
          "slot_index": 2
        }
      ],
      "properties": {
        "Node name for S&R": "CheckpointLoaderSimple"
      },
      "widgets_values": [
        "CopperfieldssonV2NL.safetensors"
      ]
    },
    {
      "id": 26,
      "type": "marduk191_workflow_settings",
      "pos": [
        33,
        241
      ],
      "size": [
        315,
        586
      ],
      "flags": {},
      "order": 1,
      "mode": 0,
      "outputs": [
        {
          "name": "SEED",
          "type": "INT",
          "links": [
            75,
            76
          ],
          "shape": 3,
          "slot_index": 0
        },
        {
          "name": "TEXT",
          "type": "STRING",
          "links": null,
          "shape": 3
        },
        {
          "name": "WIDTH",
          "type": "INT",
          "links": [
            62
          ],
          "shape": 3
        },
        {
          "name": "HEIGHT",
          "type": "INT",
          "links": [
            63
          ],
          "shape": 3
        },
        {
          "name": "BATCH_SIZE",
          "type": "INT",
          "links": [
            64
          ],
          "shape": 3
        },
        {
          "name": "Pass_1_steps",
          "type": "INT",
          "links": [
            65
          ],
          "shape": 3
        },
        {
          "name": "Pass_2_steps",
          "type": "INT",
          "links": [
            66
          ],
          "shape": 3
        },
        {
          "name": "Pass_1_CFG",
          "type": "FLOAT",
          "links": [
            67
          ],
          "shape": 3
        },
        {
          "name": "Pass_2_CFG",
          "type": "FLOAT",
          "links": [
            68
          ],
          "shape": 3
        },
        {
          "name": "Pass_2_denoise",
          "type": "FLOAT",
          "links": [
            69
          ],
          "shape": 3
        },
        {
          "name": "SCALE",
          "type": "FLOAT",
          "links": [
            70
          ],
          "shape": 3
        },
        {
          "name": "SAMPLER",
          "type": "COMBO",
          "links": [
            71,
            72
          ],
          "shape": 3
        },
        {
          "name": "SCHEDULER",
          "type": "COMBO",
          "links": [
            73,
            74
          ],
          "shape": 3
        }
      ],
      "properties": {
        "Node name for S&R": "marduk191_workflow_settings"
      },
      "widgets_values": [
        "Random",
        8008135,
        "1:1___XL 1024x1024",
        "landscape",
        1,
        25,
        25,
        6,
        6,
        0.5,
        1.5,
        "euler",
        "normal"
      ]
    },
    {
      "id": 12,
      "type": "KSampler",
      "pos": [
        796,
        612
      ],
      "size": {
        "0": 315,
        "1": 426
      },
      "flags": {
        "collapsed": false
      },
      "order": 12,
      "mode": 0,
      "inputs": [
        {
          "name": "model",
          "type": "MODEL",
          "link": 58,
          "slot_index": 0
        },
        {
          "name": "positive",
          "type": "CONDITIONING",
          "link": 21,
          "slot_index": 1
        },
        {
          "name": "negative",
          "type": "CONDITIONING",
          "link": 41,
          "slot_index": 2
        },
        {
          "name": "latent_image",
          "type": "LATENT",
          "link": 30,
          "slot_index": 3
        },
        {
          "name": "steps",
          "type": "INT",
          "link": 66,
          "widget": {
            "name": "steps"
          },
          "slot_index": 4
        },
        {
          "name": "cfg",
          "type": "FLOAT",
          "link": 68,
          "widget": {
            "name": "cfg"
          },
          "slot_index": 5
        },
        {
          "name": "sampler_name",
          "type": "COMBO",
          "link": 72,
          "widget": {
            "name": "sampler_name"
          },
          "slot_index": 6
        },
        {
          "name": "scheduler",
          "type": "COMBO",
          "link": 74,
          "widget": {
            "name": "scheduler"
          },
          "slot_index": 7
        },
        {
          "name": "seed",
          "type": "INT",
          "link": 76,
          "widget": {
            "name": "seed"
          },
          "slot_index": 8
        },
        {
          "name": "denoise",
          "type": "FLOAT",
          "link": 69,
          "widget": {
            "name": "denoise"
          },
          "slot_index": 9
        }
      ],
      "outputs": [
        {
          "name": "LATENT",
          "type": "LATENT",
          "links": [
            33
          ],
          "shape": 3
        }
      ],
      "properties": {
        "Node name for S&R": "KSampler"
      },
      "widgets_values": [
        227759712951137,
        "randomize",
        20,
        8,
        "euler",
        "normal",
        1
      ]
    },
    {
      "id": 25,
      "type": "Automatic CFG",
      "pos": [
        22,
        886
      ],
      "size": {
        "0": 315,
        "1": 82
      },
      "flags": {},
      "order": 5,
      "mode": 4,
      "inputs": [
        {
          "name": "model",
          "type": "MODEL",
          "link": 60
        }
      ],
      "outputs": [
        {
          "name": "MODEL",
          "type": "MODEL",
          "links": [
            61
          ],
          "shape": 3,
          "slot_index": 0
        }
      ],
      "properties": {
        "Node name for S&R": "Automatic CFG"
      },
      "widgets_values": [
        true,
        true
      ]
    }
  ],
  "links": [
    [
      4,
      4,
      0,
      2,
      3,
      "LATENT"
    ],
    [
      12,
      8,
      0,
      2,
      1,
      "CONDITIONING"
    ],
    [
      18,
      7,
      2,
      11,
      1,
      "VAE"
    ],
    [
      21,
      8,
      0,
      12,
      1,
      "CONDITIONING"
    ],
    [
      28,
      2,
      0,
      14,
      0,
      "LATENT"
    ],
    [
      30,
      14,
      0,
      12,
      3,
      "LATENT"
    ],
    [
      31,
      2,
      0,
      11,
      0,
      "LATENT"
    ],
    [
      32,
      7,
      2,
      15,
      1,
      "VAE"
    ],
    [
      33,
      12,
      0,
      15,
      0,
      "LATENT"
    ],
    [
      35,
      11,
      0,
      17,
      0,
      "IMAGE"
    ],
    [
      36,
      15,
      0,
      18,
      0,
      "IMAGE"
    ],
    [
      40,
      19,
      0,
      2,
      2,
      "CONDITIONING"
    ],
    [
      41,
      19,
      0,
      12,
      2,
      "CONDITIONING"
    ],
    [
      43,
      21,
      1,
      19,
      0,
      "CLIP"
    ],
    [
      44,
      21,
      1,
      8,
      0,
      "CLIP"
    ],
    [
      49,
      7,
      1,
      22,
      1,
      "CLIP"
    ],
    [
      50,
      22,
      1,
      21,
      1,
      "CLIP"
    ],
    [
      51,
      22,
      0,
      21,
      0,
      "MODEL"
    ],
    [
      57,
      23,
      0,
      2,
      0,
      "MODEL"
    ],
    [
      58,
      23,
      0,
      12,
      0,
      "MODEL"
    ],
    [
      59,
      7,
      0,
      22,
      0,
      "MODEL"
    ],
    [
      60,
      21,
      0,
      25,
      0,
      "MODEL"
    ],
    [
      61,
      25,
      0,
      23,
      0,
      "MODEL"
    ],
    [
      62,
      26,
      2,
      4,
      0,
      "INT"
    ],
    [
      63,
      26,
      3,
      4,
      1,
      "INT"
    ],
    [
      64,
      26,
      4,
      4,
      2,
      "INT"
    ],
    [
      65,
      26,
      5,
      2,
      4,
      "INT"
    ],
    [
      66,
      26,
      6,
      12,
      4,
      "INT"
    ],
    [
      67,
      26,
      7,
      2,
      5,
      "FLOAT"
    ],
    [
      68,
      26,
      8,
      12,
      5,
      "FLOAT"
    ],
    [
      69,
      26,
      9,
      12,
      9,
      "FLOAT"
    ],
    [
      70,
      26,
      10,
      14,
      1,
      "FLOAT"
    ],
    [
      71,
      26,
      11,
      2,
      6,
      "COMBO"
    ],
    [
      72,
      26,
      11,
      12,
      6,
      "COMBO"
    ],
    [
      73,
      26,
      12,
      2,
      7,
      "COMBO"
    ],
    [
      74,
      26,
      12,
      12,
      7,
      "COMBO"
    ],
    [
      75,
      26,
      0,
      2,
      8,
      "INT"
    ],
    [
      76,
      26,
      0,
      12,
      8,
      "INT"
    ]
  ],
  "groups": [],
  "config": {},
  "extra": {
    "0246.VERSION": [
      0,
      0,
      4
    ],
    "ds": {
      "scale": 1.1,
      "offset": [
        78.93181818181802,
        82.09090909090905
      ]
    }
  },
  "version": 0.4
}